gene,group,value
ADH6,ACC,0
ADH6,BLCA,0.01703163
ADH6,BRCA,0.002528445
ADH6,CESC,0.003460208
ADH6,CHOL,0.027777778
ADH6,COAD,0.013793103
ADH6,DLBC,0
ADH6,ESCA,0.005434783
ADH6,GBM,0.006369427
ADH6,HNSC,0.001972387
ADH6,KICH,0
ADH6,KIRC,0
ADH6,KIRP,0.007117438
ADH6,LAML,0
ADH6,LGG,0.001956947
ADH6,LIHC,0.002754821
ADH6,LUAD,0.013645224
ADH6,LUSC,0.00625
ADH6,MESO,0
ADH6,OV,0
ADH6,PAAD,0.005649718
ADH6,PCPG,0.005586592
ADH6,PRAD,0.002020202
ADH6,READ,0
ADH6,SARC,0
ADH6,SKCM,0.032188841
ADH6,STAD,0.013667426
ADH6,TGCT,0
ADH6,THCA,0
ADH6,THYM,0
ADH6,UCEC,0.026845638
ADH6,UCS,0.01754386
ADH6,UVM,0
ALDH3B2,ACC,0
ALDH3B2,BLCA,0.00973236
ALDH3B2,BRCA,0.00505689
ALDH3B2,CESC,0.01384083
ALDH3B2,CHOL,0
ALDH3B2,COAD,0.020689655
ALDH3B2,DLBC,0
ALDH3B2,ESCA,0
ALDH3B2,GBM,0.006369427
ALDH3B2,HNSC,0.007889546
ALDH3B2,KICH,0
ALDH3B2,KIRC,0.002717391
ALDH3B2,KIRP,0
ALDH3B2,LAML,0
ALDH3B2,LGG,0.003913894
ALDH3B2,LIHC,0
ALDH3B2,LUAD,0.009746589
ALDH3B2,LUSC,0.008333333
ALDH3B2,MESO,0
ALDH3B2,OV,0
ALDH3B2,PAAD,0.005649718
ALDH3B2,PCPG,0
ALDH3B2,PRAD,0
ALDH3B2,READ,0.022222222
ALDH3B2,SARC,0
ALDH3B2,SKCM,0.017167382
ALDH3B2,STAD,0.01594533
ALDH3B2,TGCT,0
ALDH3B2,THCA,0
ALDH3B2,THYM,0
ALDH3B2,UCEC,0.026845638
ALDH3B2,UCS,0
ALDH3B2,UVM,0
EGLN3,ACC,0
EGLN3,BLCA,0
EGLN3,BRCA,0
EGLN3,CESC,0.003460208
EGLN3,CHOL,0
EGLN3,COAD,0.013793103
EGLN3,DLBC,0
EGLN3,ESCA,0
EGLN3,GBM,0
EGLN3,HNSC,0.003944773
EGLN3,KICH,0
EGLN3,KIRC,0
EGLN3,KIRP,0
EGLN3,LAML,0
EGLN3,LGG,0
EGLN3,LIHC,0
EGLN3,LUAD,0.011695906
EGLN3,LUSC,0.010416667
EGLN3,MESO,0
EGLN3,OV,0
EGLN3,PAAD,0
EGLN3,PCPG,0
EGLN3,PRAD,0
EGLN3,READ,0.011111111
EGLN3,SARC,0
EGLN3,SKCM,0.004291845
EGLN3,STAD,0
EGLN3,TGCT,0
EGLN3,THCA,0
EGLN3,THYM,0
EGLN3,UCEC,0.024608501
EGLN3,UCS,0
EGLN3,UVM,0
VCAN,ACC,0.043478261
VCAN,BLCA,0.085158151
VCAN,BRCA,0.012642225
VCAN,CESC,0.044982699
VCAN,CHOL,0
VCAN,COAD,0.106896552
VCAN,DLBC,0.081081081
VCAN,ESCA,0.043478261
VCAN,GBM,0.015923567
VCAN,HNSC,0.051282051
VCAN,KICH,0
VCAN,KIRC,0.013586957
VCAN,KIRP,0.021352313
VCAN,LAML,0.005076142
VCAN,LGG,0.007827789
VCAN,LIHC,0.022038567
VCAN,LUAD,0.142300195
VCAN,LUSC,0.079166667
VCAN,MESO,0.012345679
VCAN,OV,0
VCAN,PAAD,0.02259887
VCAN,PCPG,0.005586592
VCAN,PRAD,0.008080808
VCAN,READ,0.055555556
VCAN,SARC,0.004237288
VCAN,SKCM,0.14806867
VCAN,STAD,0.077448747
VCAN,TGCT,0
VCAN,THCA,0.00203252
VCAN,THYM,0
VCAN,UCEC,0.120805369
VCAN,UCS,0.035087719
VCAN,UVM,0
G6PC,ACC,0
G6PC,BLCA,0.00243309
G6PC,BRCA,0.001264223
G6PC,CESC,0.003460208
G6PC,CHOL,0
G6PC,COAD,0.010344828
G6PC,DLBC,0
G6PC,ESCA,0
G6PC,GBM,0.003184713
G6PC,HNSC,0.003944773
G6PC,KICH,0
G6PC,KIRC,0.008152174
G6PC,KIRP,0
G6PC,LAML,0.005076142
G6PC,LGG,0.007827789
G6PC,LIHC,0.008264463
G6PC,LUAD,0.013645224
G6PC,LUSC,0.0125
G6PC,MESO,0
G6PC,OV,0
G6PC,PAAD,0
G6PC,PCPG,0
G6PC,PRAD,0.002020202
G6PC,READ,0
G6PC,SARC,0
G6PC,SKCM,0.025751073
G6PC,STAD,0
G6PC,TGCT,0
G6PC,THCA,0
G6PC,THYM,0
G6PC,UCEC,0.031319911
G6PC,UCS,0
G6PC,UVM,0
ALDOB,ACC,0
ALDOB,BLCA,0.00729927
ALDOB,BRCA,0.003792668
ALDOB,CESC,0.01384083
ALDOB,CHOL,0
ALDOB,COAD,0.017241379
ALDOB,DLBC,0.027027027
ALDOB,ESCA,0.010869565
ALDOB,GBM,0.006369427
ALDOB,HNSC,0.00591716
ALDOB,KICH,0
ALDOB,KIRC,0.010869565
ALDOB,KIRP,0.007117438
ALDOB,LAML,0
ALDOB,LGG,0.001956947
ALDOB,LIHC,0.008264463
ALDOB,LUAD,0.015594542
ALDOB,LUSC,0.010416667
ALDOB,MESO,0
ALDOB,OV,0
ALDOB,PAAD,0.011299435
ALDOB,PCPG,0
ALDOB,PRAD,0
ALDOB,READ,0
ALDOB,SARC,0.012711864
ALDOB,SKCM,0.034334764
ALDOB,STAD,0.013667426
ALDOB,TGCT,0.006896552
ALDOB,THCA,0.00203252
ALDOB,THYM,0
ALDOB,UCEC,0.03803132
ALDOB,UCS,0
ALDOB,UVM,0
PKLR,ACC,0
PKLR,BLCA,0.01946472
PKLR,BRCA,0.006321113
PKLR,CESC,0.01384083
PKLR,CHOL,0
PKLR,COAD,0.031034483
PKLR,DLBC,0
PKLR,ESCA,0.010869565
PKLR,GBM,0.006369427
PKLR,HNSC,0.00591716
PKLR,KICH,0
PKLR,KIRC,0
PKLR,KIRP,0.003558719
PKLR,LAML,0
PKLR,LGG,0.003913894
PKLR,LIHC,0.008264463
PKLR,LUAD,0.021442495
PKLR,LUSC,0.016666667
PKLR,MESO,0
PKLR,OV,0.015384615
PKLR,PAAD,0.005649718
PKLR,PCPG,0
PKLR,PRAD,0.002020202
PKLR,READ,0.011111111
PKLR,SARC,0.004237288
PKLR,SKCM,0.032188841
PKLR,STAD,0.027334852
PKLR,TGCT,0
PKLR,THCA,0.00203252
PKLR,THYM,0.008196721
PKLR,UCEC,0.042505593
PKLR,UCS,0
PKLR,UVM,0
LDHAL6B,ACC,0
LDHAL6B,BLCA,0.00486618
LDHAL6B,BRCA,0
LDHAL6B,CESC,0.003460208
LDHAL6B,CHOL,0
LDHAL6B,COAD,0.027586207
LDHAL6B,DLBC,0
LDHAL6B,ESCA,0.005434783
LDHAL6B,GBM,0.006369427
LDHAL6B,HNSC,0.009861933
LDHAL6B,KICH,0
LDHAL6B,KIRC,0.002717391
LDHAL6B,KIRP,0
LDHAL6B,LAML,0
LDHAL6B,LGG,0.001956947
LDHAL6B,LIHC,0.002754821
LDHAL6B,LUAD,0.007797271
LDHAL6B,LUSC,0.00625
LDHAL6B,MESO,0
LDHAL6B,OV,0
LDHAL6B,PAAD,0
LDHAL6B,PCPG,0
LDHAL6B,PRAD,0
LDHAL6B,READ,0.011111111
LDHAL6B,SARC,0
LDHAL6B,SKCM,0.012875536
LDHAL6B,STAD,0.009111617
LDHAL6B,TGCT,0
LDHAL6B,THCA,0
LDHAL6B,THYM,0
LDHAL6B,UCEC,0.031319911
LDHAL6B,UCS,0
LDHAL6B,UVM,0
ADH1A,ACC,0
ADH1A,BLCA,0.00973236
ADH1A,BRCA,0.003792668
ADH1A,CESC,0
ADH1A,CHOL,0
ADH1A,COAD,0.017241379
ADH1A,DLBC,0
ADH1A,ESCA,0
ADH1A,GBM,0.00955414
ADH1A,HNSC,0.003944773
ADH1A,KICH,0
ADH1A,KIRC,0
ADH1A,KIRP,0
ADH1A,LAML,0
ADH1A,LGG,0.001956947
ADH1A,LIHC,0.002754821
ADH1A,LUAD,0.011695906
ADH1A,LUSC,0.00625
ADH1A,MESO,0
ADH1A,OV,0
ADH1A,PAAD,0.005649718
ADH1A,PCPG,0
ADH1A,PRAD,0.002020202
ADH1A,READ,0
ADH1A,SARC,0
ADH1A,SKCM,0.066523605
ADH1A,STAD,0.009111617
ADH1A,TGCT,0
ADH1A,THCA,0
ADH1A,THYM,0
ADH1A,UCEC,0.026845638
ADH1A,UCS,0
ADH1A,UVM,0
ADH1B,ACC,0
ADH1B,BLCA,0.00973236
ADH1B,BRCA,0
ADH1B,CESC,0.006920415
ADH1B,CHOL,0
ADH1B,COAD,0.017241379
ADH1B,DLBC,0
ADH1B,ESCA,0.005434783
ADH1B,GBM,0.006369427
ADH1B,HNSC,0.001972387
ADH1B,KICH,0
ADH1B,KIRC,0.002717391
ADH1B,KIRP,0
ADH1B,LAML,0
ADH1B,LGG,0.001956947
ADH1B,LIHC,0.005509642
ADH1B,LUAD,0.01754386
ADH1B,LUSC,0.0125
ADH1B,MESO,0
ADH1B,OV,0
ADH1B,PAAD,0.005649718
ADH1B,PCPG,0
ADH1B,PRAD,0.002020202
ADH1B,READ,0.011111111
ADH1B,SARC,0
ADH1B,SKCM,0.094420601
ADH1B,STAD,0.006833713
ADH1B,TGCT,0
ADH1B,THCA,0.00203252
ADH1B,THYM,0
ADH1B,UCEC,0.029082774
ADH1B,UCS,0.01754386
ADH1B,UVM,0
PFKFB3,ACC,0
PFKFB3,BLCA,0.01703163
PFKFB3,BRCA,0.001264223
PFKFB3,CESC,0.003460208
PFKFB3,CHOL,0
PFKFB3,COAD,0.003448276
PFKFB3,DLBC,0
PFKFB3,ESCA,0.005434783
PFKFB3,GBM,0.003184713
PFKFB3,HNSC,0
PFKFB3,KICH,0
PFKFB3,KIRC,0.002717391
PFKFB3,KIRP,0.003558719
PFKFB3,LAML,0
PFKFB3,LGG,0.001956947
PFKFB3,LIHC,0.011019284
PFKFB3,LUAD,0.013645224
PFKFB3,LUSC,0.010416667
PFKFB3,MESO,0
PFKFB3,OV,0
PFKFB3,PAAD,0
PFKFB3,PCPG,0
PFKFB3,PRAD,0
PFKFB3,READ,0.022222222
PFKFB3,SARC,0
PFKFB3,SKCM,0.008583691
PFKFB3,STAD,0.01594533
PFKFB3,TGCT,0
PFKFB3,THCA,0
PFKFB3,THYM,0
PFKFB3,UCEC,0.035794183
PFKFB3,UCS,0
PFKFB3,UVM,0
AK4,ACC,0
AK4,BLCA,0.00486618
AK4,BRCA,0
AK4,CESC,0
AK4,CHOL,0
AK4,COAD,0.003448276
AK4,DLBC,0
AK4,ESCA,0.005434783
AK4,GBM,0
AK4,HNSC,0.00591716
AK4,KICH,0
AK4,KIRC,0
AK4,KIRP,0
AK4,LAML,0
AK4,LGG,0
AK4,LIHC,0
AK4,LUAD,0.001949318
AK4,LUSC,0
AK4,MESO,0
AK4,OV,0
AK4,PAAD,0
AK4,PCPG,0
AK4,PRAD,0
AK4,READ,0.022222222
AK4,SARC,0
AK4,SKCM,0.006437768
AK4,STAD,0.002277904
AK4,TGCT,0
AK4,THCA,0
AK4,THYM,0
AK4,UCEC,0.029082774
AK4,UCS,0
AK4,UVM,0
ANG,ACC,0
ANG,BLCA,0.00243309
ANG,BRCA,0
ANG,CESC,0.003460208
ANG,CHOL,0
ANG,COAD,0.003448276
ANG,DLBC,0
ANG,ESCA,0
ANG,GBM,0
ANG,HNSC,0
ANG,KICH,0
ANG,KIRC,0
ANG,KIRP,0.003558719
ANG,LAML,0.005076142
ANG,LGG,0.001956947
ANG,LIHC,0.002754821
ANG,LUAD,0
ANG,LUSC,0
ANG,MESO,0
ANG,OV,0
ANG,PAAD,0
ANG,PCPG,0
ANG,PRAD,0.002020202
ANG,READ,0
ANG,SARC,0.004237288
ANG,SKCM,0.010729614
ANG,STAD,0
ANG,TGCT,0
ANG,THCA,0
ANG,THYM,0
ANG,UCEC,0.004474273
ANG,UCS,0
ANG,UVM,0
B3GNT3,ACC,0
B3GNT3,BLCA,0.00243309
B3GNT3,BRCA,0.001264223
B3GNT3,CESC,0.010380623
B3GNT3,CHOL,0
B3GNT3,COAD,0.013793103
B3GNT3,DLBC,0
B3GNT3,ESCA,0
B3GNT3,GBM,0.006369427
B3GNT3,HNSC,0.01183432
B3GNT3,KICH,0
B3GNT3,KIRC,0
B3GNT3,KIRP,0
B3GNT3,LAML,0
B3GNT3,LGG,0.003913894
B3GNT3,LIHC,0
B3GNT3,LUAD,0.013645224
B3GNT3,LUSC,0.01875
B3GNT3,MESO,0
B3GNT3,OV,0
B3GNT3,PAAD,0.005649718
B3GNT3,PCPG,0
B3GNT3,PRAD,0.004040404
B3GNT3,READ,0
B3GNT3,SARC,0
B3GNT3,SKCM,0.021459227
B3GNT3,STAD,0.011389522
B3GNT3,TGCT,0
B3GNT3,THCA,0.00203252
B3GNT3,THYM,0
B3GNT3,UCEC,0.017897092
B3GNT3,UCS,0
B3GNT3,UVM,0
CHST6,ACC,0
CHST6,BLCA,0.00243309
CHST6,BRCA,0
CHST6,CESC,0.006920415
CHST6,CHOL,0
CHST6,COAD,0.027586207
CHST6,DLBC,0.027027027
CHST6,ESCA,0.016304348
CHST6,GBM,0.006369427
CHST6,HNSC,0.013806706
CHST6,KICH,0
CHST6,KIRC,0
CHST6,KIRP,0.003558719
CHST6,LAML,0.005076142
CHST6,LGG,0
CHST6,LIHC,0
CHST6,LUAD,0.011695906
CHST6,LUSC,0.016666667
CHST6,MESO,0.012345679
CHST6,OV,0
CHST6,PAAD,0.011299435
CHST6,PCPG,0
CHST6,PRAD,0
CHST6,READ,0.011111111
CHST6,SARC,0
CHST6,SKCM,0.010729614
CHST6,STAD,0.020501139
CHST6,TGCT,0
CHST6,THCA,0
CHST6,THYM,0
CHST6,UCEC,0.040268456
CHST6,UCS,0
CHST6,UVM,0
CLDN3,ACC,0
CLDN3,BLCA,0.00243309
CLDN3,BRCA,0
CLDN3,CESC,0
CLDN3,CHOL,0
CLDN3,COAD,0
CLDN3,DLBC,0
CLDN3,ESCA,0
CLDN3,GBM,0
CLDN3,HNSC,0
CLDN3,KICH,0
CLDN3,KIRC,0
CLDN3,KIRP,0.003558719
CLDN3,LAML,0
CLDN3,LGG,0
CLDN3,LIHC,0
CLDN3,LUAD,0
CLDN3,LUSC,0.002083333
CLDN3,MESO,0
CLDN3,OV,0.015384615
CLDN3,PAAD,0.005649718
CLDN3,PCPG,0
CLDN3,PRAD,0
CLDN3,READ,0
CLDN3,SARC,0
CLDN3,SKCM,0.004291845
CLDN3,STAD,0.002277904
CLDN3,TGCT,0
CLDN3,THCA,0
CLDN3,THYM,0
CLDN3,UCEC,0.002237136
CLDN3,UCS,0
CLDN3,UVM,0
CLDN9,ACC,0.010869565
CLDN9,BLCA,0.00486618
CLDN9,BRCA,0
CLDN9,CESC,0.003460208
CLDN9,CHOL,0
CLDN9,COAD,0.010344828
CLDN9,DLBC,0
CLDN9,ESCA,0.005434783
CLDN9,GBM,0
CLDN9,HNSC,0.001972387
CLDN9,KICH,0
CLDN9,KIRC,0
CLDN9,KIRP,0
CLDN9,LAML,0
CLDN9,LGG,0
CLDN9,LIHC,0.002754821
CLDN9,LUAD,0
CLDN9,LUSC,0.008333333
CLDN9,MESO,0
CLDN9,OV,0
CLDN9,PAAD,0.005649718
CLDN9,PCPG,0
CLDN9,PRAD,0.004040404
CLDN9,READ,0
CLDN9,SARC,0
CLDN9,SKCM,0.006437768
CLDN9,STAD,0.022779043
CLDN9,TGCT,0
CLDN9,THCA,0
CLDN9,THYM,0
CLDN9,UCEC,0.008948546
CLDN9,UCS,0
CLDN9,UVM,0
DCN,ACC,0.010869565
DCN,BLCA,0.01216545
DCN,BRCA,0.003792668
DCN,CESC,0
DCN,CHOL,0
DCN,COAD,0.017241379
DCN,DLBC,0
DCN,ESCA,0.016304348
DCN,GBM,0.012738854
DCN,HNSC,0.007889546
DCN,KICH,0
DCN,KIRC,0.002717391
DCN,KIRP,0
DCN,LAML,0
DCN,LGG,0.003913894
DCN,LIHC,0.008264463
DCN,LUAD,0.009746589
DCN,LUSC,0.014583333
DCN,MESO,0
DCN,OV,0
DCN,PAAD,0.005649718
DCN,PCPG,0.005586592
DCN,PRAD,0.004040404
DCN,READ,0.011111111
DCN,SARC,0
DCN,SKCM,0.040772532
DCN,STAD,0.020501139
DCN,TGCT,0
DCN,THCA,0
DCN,THYM,0.016393443
DCN,UCEC,0.046979866
DCN,UCS,0
DCN,UVM,0
HS6ST2,ACC,0.010869565
HS6ST2,BLCA,0.00486618
HS6ST2,BRCA,0.007585335
HS6ST2,CESC,0.017301038
HS6ST2,CHOL,0
HS6ST2,COAD,0.024137931
HS6ST2,DLBC,0.027027027
HS6ST2,ESCA,0.010869565
HS6ST2,GBM,0.003184713
HS6ST2,HNSC,0.003944773
HS6ST2,KICH,0.015151515
HS6ST2,KIRC,0
HS6ST2,KIRP,0.003558719
HS6ST2,LAML,0
HS6ST2,LGG,0.007827789
HS6ST2,LIHC,0
HS6ST2,LUAD,0.005847953
HS6ST2,LUSC,0.00625
HS6ST2,MESO,0
HS6ST2,OV,0
HS6ST2,PAAD,0
HS6ST2,PCPG,0
HS6ST2,PRAD,0.002020202
HS6ST2,READ,0
HS6ST2,SARC,0
HS6ST2,SKCM,0.012875536
HS6ST2,STAD,0.01594533
HS6ST2,TGCT,0
HS6ST2,THCA,0
HS6ST2,THYM,0
HS6ST2,UCEC,0.058165548
HS6ST2,UCS,0
HS6ST2,UVM,0
LHX9,ACC,0
LHX9,BLCA,0.00729927
LHX9,BRCA,0.001264223
LHX9,CESC,0.003460208
LHX9,CHOL,0
LHX9,COAD,0.017241379
LHX9,DLBC,0
LHX9,ESCA,0.005434783
LHX9,GBM,0.006369427
LHX9,HNSC,0.01183432
LHX9,KICH,0
LHX9,KIRC,0.002717391
LHX9,KIRP,0
LHX9,LAML,0
LHX9,LGG,0
LHX9,LIHC,0.008264463
LHX9,LUAD,0.01754386
LHX9,LUSC,0.020833333
LHX9,MESO,0
LHX9,OV,0
LHX9,PAAD,0
LHX9,PCPG,0
LHX9,PRAD,0.004040404
LHX9,READ,0.011111111
LHX9,SARC,0
LHX9,SKCM,0.019313305
LHX9,STAD,0.020501139
LHX9,TGCT,0
LHX9,THCA,0
LHX9,THYM,0
LHX9,UCEC,0.055928412
LHX9,UCS,0
LHX9,UVM,0
MIOX,ACC,0
MIOX,BLCA,0.00243309
MIOX,BRCA,0
MIOX,CESC,0.003460208
MIOX,CHOL,0
MIOX,COAD,0.010344828
MIOX,DLBC,0
MIOX,ESCA,0.010869565
MIOX,GBM,0.003184713
MIOX,HNSC,0.007889546
MIOX,KICH,0
MIOX,KIRC,0.008152174
MIOX,KIRP,0
MIOX,LAML,0
MIOX,LGG,0
MIOX,LIHC,0
MIOX,LUAD,0.003898635
MIOX,LUSC,0.004166667
MIOX,MESO,0
MIOX,OV,0
MIOX,PAAD,0
MIOX,PCPG,0
MIOX,PRAD,0
MIOX,READ,0
MIOX,SARC,0
MIOX,SKCM,0.021459227
MIOX,STAD,0.01594533
MIOX,TGCT,0
MIOX,THCA,0
MIOX,THYM,0
MIOX,UCEC,0.020134228
MIOX,UCS,0
MIOX,UVM,0
NDST3,ACC,0
NDST3,BLCA,0.01703163
NDST3,BRCA,0.006321113
NDST3,CESC,0.020761246
NDST3,CHOL,0
NDST3,COAD,0.048275862
NDST3,DLBC,0
NDST3,ESCA,0.02173913
NDST3,GBM,0.006369427
NDST3,HNSC,0.013806706
NDST3,KICH,0
NDST3,KIRC,0
NDST3,KIRP,0.003558719
NDST3,LAML,0
NDST3,LGG,0.005870841
NDST3,LIHC,0.005509642
NDST3,LUAD,0.021442495
NDST3,LUSC,0.020833333
NDST3,MESO,0
NDST3,OV,0
NDST3,PAAD,0.011299435
NDST3,PCPG,0
NDST3,PRAD,0.004040404
NDST3,READ,0.011111111
NDST3,SARC,0.016949153
NDST3,SKCM,0.075107296
NDST3,STAD,0.041002278
NDST3,TGCT,0
NDST3,THCA,0
NDST3,THYM,0
NDST3,UCEC,0.085011186
NDST3,UCS,0
NDST3,UVM,0
TGFA,ACC,0
TGFA,BLCA,0
TGFA,BRCA,0
TGFA,CESC,0.003460208
TGFA,CHOL,0
TGFA,COAD,0.003448276
TGFA,DLBC,0
TGFA,ESCA,0.005434783
TGFA,GBM,0.012738854
TGFA,HNSC,0
TGFA,KICH,0
TGFA,KIRC,0
TGFA,KIRP,0.003558719
TGFA,LAML,0
TGFA,LGG,0
TGFA,LIHC,0.002754821
TGFA,LUAD,0.001949318
TGFA,LUSC,0.004166667
TGFA,MESO,0
TGFA,OV,0
TGFA,PAAD,0
TGFA,PCPG,0
TGFA,PRAD,0
TGFA,READ,0.011111111
TGFA,SARC,0
TGFA,SKCM,0.006437768
TGFA,STAD,0.004555809
TGFA,TGCT,0
TGFA,THCA,0
TGFA,THYM,0
TGFA,UCEC,0.004474273
TGFA,UCS,0
TGFA,UVM,0
SLC2A2,ACC,0
SLC2A2,BLCA,0.01946472
SLC2A2,BRCA,0.001264223
SLC2A2,CESC,0.017301038
SLC2A2,CHOL,0.027777778
SLC2A2,COAD,0.031034483
SLC2A2,DLBC,0
SLC2A2,ESCA,0.005434783
SLC2A2,GBM,0.006369427
SLC2A2,HNSC,0.019723866
SLC2A2,KICH,0
SLC2A2,KIRC,0
SLC2A2,KIRP,0.007117438
SLC2A2,LAML,0
SLC2A2,LGG,0
SLC2A2,LIHC,0.013774105
SLC2A2,LUAD,0.011695906
SLC2A2,LUSC,0.025
SLC2A2,MESO,0
SLC2A2,OV,0
SLC2A2,PAAD,0
SLC2A2,PCPG,0
SLC2A2,PRAD,0
SLC2A2,READ,0
SLC2A2,SARC,0.008474576
SLC2A2,SKCM,0.02360515
SLC2A2,STAD,0.013667426
SLC2A2,TGCT,0
SLC2A2,THCA,0
SLC2A2,THYM,0
SLC2A2,UCEC,0.049217002
SLC2A2,UCS,0
SLC2A2,UVM,0
SLC2A4,ACC,0
SLC2A4,BLCA,0.00973236
SLC2A4,BRCA,0.001264223
SLC2A4,CESC,0.003460208
SLC2A4,CHOL,0
SLC2A4,COAD,0.024137931
SLC2A4,DLBC,0
SLC2A4,ESCA,0
SLC2A4,GBM,0.003184713
SLC2A4,HNSC,0.00591716
SLC2A4,KICH,0
SLC2A4,KIRC,0
SLC2A4,KIRP,0.007117438
SLC2A4,LAML,0
SLC2A4,LGG,0.001956947
SLC2A4,LIHC,0.005509642
SLC2A4,LUAD,0.005847953
SLC2A4,LUSC,0.010416667
SLC2A4,MESO,0
SLC2A4,OV,0.015384615
SLC2A4,PAAD,0
SLC2A4,PCPG,0
SLC2A4,PRAD,0
SLC2A4,READ,0
SLC2A4,SARC,0.004237288
SLC2A4,SKCM,0.02360515
SLC2A4,STAD,0.011389522
SLC2A4,TGCT,0
SLC2A4,THCA,0
SLC2A4,THYM,0
SLC2A4,UCEC,0.046979866
SLC2A4,UCS,0.01754386
SLC2A4,UVM,0
SLC2A5,ACC,0.010869565
SLC2A5,BLCA,0.00729927
SLC2A5,BRCA,0.001264223
SLC2A5,CESC,0.003460208
SLC2A5,CHOL,0
SLC2A5,COAD,0.031034483
SLC2A5,DLBC,0.027027027
SLC2A5,ESCA,0
SLC2A5,GBM,0
SLC2A5,HNSC,0.003944773
SLC2A5,KICH,0
SLC2A5,KIRC,0
SLC2A5,KIRP,0.003558719
SLC2A5,LAML,0
SLC2A5,LGG,0.003913894
SLC2A5,LIHC,0.008264463
SLC2A5,LUAD,0.005847953
SLC2A5,LUSC,0.010416667
SLC2A5,MESO,0
SLC2A5,OV,0
SLC2A5,PAAD,0
SLC2A5,PCPG,0
SLC2A5,PRAD,0.004040404
SLC2A5,READ,0
SLC2A5,SARC,0
SLC2A5,SKCM,0.021459227
SLC2A5,STAD,0.01594533
SLC2A5,TGCT,0
SLC2A5,THCA,0
SLC2A5,THYM,0
SLC2A5,UCEC,0.033557047
SLC2A5,UCS,0
SLC2A5,UVM,0
FBP2,ACC,0
FBP2,BLCA,0.00486618
FBP2,BRCA,0.002528445
FBP2,CESC,0
FBP2,CHOL,0
FBP2,COAD,0.020689655
FBP2,DLBC,0.054054054
FBP2,ESCA,0
FBP2,GBM,0.006369427
FBP2,HNSC,0.001972387
FBP2,KICH,0
FBP2,KIRC,0
FBP2,KIRP,0.003558719
FBP2,LAML,0
FBP2,LGG,0.001956947
FBP2,LIHC,0.002754821
FBP2,LUAD,0.003898635
FBP2,LUSC,0.004166667
FBP2,MESO,0.012345679
FBP2,OV,0
FBP2,PAAD,0.005649718
FBP2,PCPG,0.005586592
FBP2,PRAD,0.002020202
FBP2,READ,0.011111111
FBP2,SARC,0
FBP2,SKCM,0.012875536
FBP2,STAD,0.013667426
FBP2,TGCT,0
FBP2,THCA,0
FBP2,THYM,0
FBP2,UCEC,0.029082774
FBP2,UCS,0
FBP2,UVM,0
TGFBI,ACC,0.02173913
TGFBI,BLCA,0.00486618
TGFBI,BRCA,0.006321113
TGFBI,CESC,0.010380623
TGFBI,CHOL,0
TGFBI,COAD,0.017241379
TGFBI,DLBC,0
TGFBI,ESCA,0
TGFBI,GBM,0.003184713
TGFBI,HNSC,0.013806706
TGFBI,KICH,0
TGFBI,KIRC,0.005434783
TGFBI,KIRP,0
TGFBI,LAML,0.005076142
TGFBI,LGG,0.003913894
TGFBI,LIHC,0.008264463
TGFBI,LUAD,0.007797271
TGFBI,LUSC,0.008333333
TGFBI,MESO,0
TGFBI,OV,0
TGFBI,PAAD,0.005649718
TGFBI,PCPG,0
TGFBI,PRAD,0.004040404
TGFBI,READ,0
TGFBI,SARC,0
TGFBI,SKCM,0.042918455
TGFBI,STAD,0.020501139
TGFBI,TGCT,0
TGFBI,THCA,0
TGFBI,THYM,0
TGFBI,UCEC,0.044742729
TGFBI,UCS,0.01754386
TGFBI,UVM,0
CHST4,ACC,0
CHST4,BLCA,0.00973236
CHST4,BRCA,0.001264223
CHST4,CESC,0.010380623
CHST4,CHOL,0
CHST4,COAD,0.013793103
CHST4,DLBC,0.027027027
CHST4,ESCA,0
CHST4,GBM,0.003184713
CHST4,HNSC,0.00591716
CHST4,KICH,0
CHST4,KIRC,0.002717391
CHST4,KIRP,0
CHST4,LAML,0
CHST4,LGG,0.001956947
CHST4,LIHC,0
CHST4,LUAD,0.005847953
CHST4,LUSC,0.00625
CHST4,MESO,0
CHST4,OV,0
CHST4,PAAD,0.005649718
CHST4,PCPG,0
CHST4,PRAD,0.002020202
CHST4,READ,0.022222222
CHST4,SARC,0
CHST4,SKCM,0.030042918
CHST4,STAD,0.020501139
CHST4,TGCT,0
CHST4,THCA,0
CHST4,THYM,0
CHST4,UCEC,0.033557047
CHST4,UCS,0
CHST4,UVM,0.0125
GPR87,ACC,0
GPR87,BLCA,0.00486618
GPR87,BRCA,0.002528445
GPR87,CESC,0.003460208
GPR87,CHOL,0
GPR87,COAD,0.013793103
GPR87,DLBC,0
GPR87,ESCA,0.010869565
GPR87,GBM,0.006369427
GPR87,HNSC,0
GPR87,KICH,0.015151515
GPR87,KIRC,0
GPR87,KIRP,0.007117438
GPR87,LAML,0
GPR87,LGG,0
GPR87,LIHC,0.002754821
GPR87,LUAD,0.007797271
GPR87,LUSC,0.008333333
GPR87,MESO,0
GPR87,OV,0
GPR87,PAAD,0.005649718
GPR87,PCPG,0
GPR87,PRAD,0.006060606
GPR87,READ,0.022222222
GPR87,SARC,0
GPR87,SKCM,0.019313305
GPR87,STAD,0.009111617
GPR87,TGCT,0.006896552
GPR87,THCA,0.00203252
GPR87,THYM,0
GPR87,UCEC,0.046979866
GPR87,UCS,0
GPR87,UVM,0.0125
TFF3,ACC,0
TFF3,BLCA,0.00243309
TFF3,BRCA,0
TFF3,CESC,0
TFF3,CHOL,0
TFF3,COAD,0.006896552
TFF3,DLBC,0
TFF3,ESCA,0.005434783
TFF3,GBM,0
TFF3,HNSC,0
TFF3,KICH,0
TFF3,KIRC,0
TFF3,KIRP,0
TFF3,LAML,0
TFF3,LGG,0
TFF3,LIHC,0
TFF3,LUAD,0
TFF3,LUSC,0
TFF3,MESO,0
TFF3,OV,0
TFF3,PAAD,0
TFF3,PCPG,0
TFF3,PRAD,0
TFF3,READ,0
TFF3,SARC,0
TFF3,SKCM,0
TFF3,STAD,0.004555809
TFF3,TGCT,0.006896552
TFF3,THCA,0
TFF3,THYM,0
TFF3,UCEC,0.006711409
TFF3,UCS,0
TFF3,UVM,0
PCK1,ACC,0.010869565
PCK1,BLCA,0.01946472
PCK1,BRCA,0.002528445
PCK1,CESC,0
PCK1,CHOL,0
PCK1,COAD,0.017241379
PCK1,DLBC,0
PCK1,ESCA,0.005434783
PCK1,GBM,0.015923567
PCK1,HNSC,0
PCK1,KICH,0
PCK1,KIRC,0.013586957
PCK1,KIRP,0.021352313
PCK1,LAML,0
PCK1,LGG,0.003913894
PCK1,LIHC,0.013774105
PCK1,LUAD,0.040935673
PCK1,LUSC,0.020833333
PCK1,MESO,0
PCK1,OV,0.015384615
PCK1,PAAD,0.005649718
PCK1,PCPG,0.005586592
PCK1,PRAD,0
PCK1,READ,0.011111111
PCK1,SARC,0.004237288
PCK1,SKCM,0.042918455
PCK1,STAD,0.029612756
PCK1,TGCT,0
PCK1,THCA,0
PCK1,THYM,0
PCK1,UCEC,0.03803132
PCK1,UCS,0.01754386
PCK1,UVM,0
OGDHL,ACC,0
OGDHL,BLCA,0.0243309
OGDHL,BRCA,0.008849558
OGDHL,CESC,0.01384083
OGDHL,CHOL,0.027777778
OGDHL,COAD,0.048275862
OGDHL,DLBC,0
OGDHL,ESCA,0.016304348
OGDHL,GBM,0.015923567
OGDHL,HNSC,0.019723866
OGDHL,KICH,0
OGDHL,KIRC,0.005434783
OGDHL,KIRP,0.003558719
OGDHL,LAML,0
OGDHL,LGG,0.007827789
OGDHL,LIHC,0.005509642
OGDHL,LUAD,0.058479532
OGDHL,LUSC,0.039583333
OGDHL,MESO,0.037037037
OGDHL,OV,0
OGDHL,PAAD,0.005649718
OGDHL,PCPG,0
OGDHL,PRAD,0
OGDHL,READ,0.033333333
OGDHL,SARC,0.012711864
OGDHL,SKCM,0.100858369
OGDHL,STAD,0.041002278
OGDHL,TGCT,0
OGDHL,THCA,0.004065041
OGDHL,THYM,0.008196721
OGDHL,UCEC,0.080536913
OGDHL,UCS,0.052631579
OGDHL,UVM,0
PC,ACC,0.010869565
PC,BLCA,0.02189781
PC,BRCA,0.01011378
PC,CESC,0.010380623
PC,CHOL,0
PC,COAD,0.048275862
PC,DLBC,0
PC,ESCA,0.005434783
PC,GBM,0.006369427
PC,HNSC,0.025641026
PC,KICH,0
PC,KIRC,0.002717391
PC,KIRP,0.014234875
PC,LAML,0
PC,LGG,0.003913894
PC,LIHC,0.002754821
PC,LUAD,0.01754386
PC,LUSC,0.016666667
PC,MESO,0
PC,OV,0.015384615
PC,PAAD,0.011299435
PC,PCPG,0
PC,PRAD,0.002020202
PC,READ,0.033333333
PC,SARC,0
PC,SKCM,0.030042918
PC,STAD,0.045558087
PC,TGCT,0
PC,THCA,0.006097561
PC,THYM,0.016393443
PC,UCEC,0.073825503
PC,UCS,0
PC,UVM,0
PCK2,ACC,0
PCK2,BLCA,0.00729927
PCK2,BRCA,0.006321113
PCK2,CESC,0.006920415
PCK2,CHOL,0
PCK2,COAD,0.013793103
PCK2,DLBC,0
PCK2,ESCA,0
PCK2,GBM,0.006369427
PCK2,HNSC,0.007889546
PCK2,KICH,0
PCK2,KIRC,0.002717391
PCK2,KIRP,0.003558719
PCK2,LAML,0
PCK2,LGG,0
PCK2,LIHC,0.005509642
PCK2,LUAD,0.005847953
PCK2,LUSC,0.008333333
PCK2,MESO,0
PCK2,OV,0
PCK2,PAAD,0.005649718
PCK2,PCPG,0
PCK2,PRAD,0.004040404
PCK2,READ,0.011111111
PCK2,SARC,0
PCK2,SKCM,0.015021459
PCK2,STAD,0.022779043
PCK2,TGCT,0
PCK2,THCA,0
PCK2,THYM,0.008196721
PCK2,UCEC,0.046979866
PCK2,UCS,0
PCK2,UVM,0.0125
GOT1,ACC,0.010869565
GOT1,BLCA,0.00486618
GOT1,BRCA,0
GOT1,CESC,0.017301038
GOT1,CHOL,0
GOT1,COAD,0.017241379
GOT1,DLBC,0
GOT1,ESCA,0
GOT1,GBM,0
GOT1,HNSC,0.001972387
GOT1,KICH,0
GOT1,KIRC,0.008152174
GOT1,KIRP,0
GOT1,LAML,0
GOT1,LGG,0.001956947
GOT1,LIHC,0.002754821
GOT1,LUAD,0.005847953
GOT1,LUSC,0
GOT1,MESO,0
GOT1,OV,0
GOT1,PAAD,0.011299435
GOT1,PCPG,0.005586592
GOT1,PRAD,0.002020202
GOT1,READ,0.022222222
GOT1,SARC,0
GOT1,SKCM,0.010729614
GOT1,STAD,0.009111617
GOT1,TGCT,0
GOT1,THCA,0.00203252
GOT1,THYM,0
GOT1,UCEC,0.046979866
GOT1,UCS,0.01754386
GOT1,UVM,0
PHYH,ACC,0
PHYH,BLCA,0.00243309
PHYH,BRCA,0.003792668
PHYH,CESC,0
PHYH,CHOL,0.027777778
PHYH,COAD,0.017241379
PHYH,DLBC,0
PHYH,ESCA,0.005434783
PHYH,GBM,0.003184713
PHYH,HNSC,0.00591716
PHYH,KICH,0
PHYH,KIRC,0.002717391
PHYH,KIRP,0
PHYH,LAML,0
PHYH,LGG,0
PHYH,LIHC,0
PHYH,LUAD,0.001949318
PHYH,LUSC,0.010416667
PHYH,MESO,0
PHYH,OV,0
PHYH,PAAD,0.005649718
PHYH,PCPG,0
PHYH,PRAD,0.004040404
PHYH,READ,0.022222222
PHYH,SARC,0.004237288
PHYH,SKCM,0.021459227
PHYH,STAD,0.011389522
PHYH,TGCT,0
PHYH,THCA,0
PHYH,THYM,0
PHYH,UCEC,0.046979866
PHYH,UCS,0
PHYH,UVM,0
TAT,ACC,0
TAT,BLCA,0.00973236
TAT,BRCA,0.002528445
TAT,CESC,0.01384083
TAT,CHOL,0
TAT,COAD,0.024137931
TAT,DLBC,0
TAT,ESCA,0.010869565
TAT,GBM,0.00955414
TAT,HNSC,0.003944773
TAT,KICH,0
TAT,KIRC,0.005434783
TAT,KIRP,0.003558719
TAT,LAML,0
TAT,LGG,0.001956947
TAT,LIHC,0.008264463
TAT,LUAD,0.019493177
TAT,LUSC,0.00625
TAT,MESO,0
TAT,OV,0
TAT,PAAD,0
TAT,PCPG,0
TAT,PRAD,0
TAT,READ,0
TAT,SARC,0
TAT,SKCM,0.045064378
TAT,STAD,0.011389522
TAT,TGCT,0
TAT,THCA,0
TAT,THYM,0.008196721
TAT,UCEC,0.049217002
TAT,UCS,0
TAT,UVM,0
SUCLG2P2,ACC,0
SUCLG2P2,BLCA,0
SUCLG2P2,BRCA,0
SUCLG2P2,CESC,0
SUCLG2P2,CHOL,0
SUCLG2P2,COAD,0
SUCLG2P2,DLBC,0
SUCLG2P2,ESCA,0
SUCLG2P2,GBM,0
SUCLG2P2,HNSC,0
SUCLG2P2,KICH,0
SUCLG2P2,KIRC,0
SUCLG2P2,KIRP,0
SUCLG2P2,LAML,0
SUCLG2P2,LGG,0
SUCLG2P2,LIHC,0
SUCLG2P2,LUAD,0
SUCLG2P2,LUSC,0
SUCLG2P2,MESO,0
SUCLG2P2,OV,0
SUCLG2P2,PAAD,0
SUCLG2P2,PCPG,0
SUCLG2P2,PRAD,0
SUCLG2P2,READ,0
SUCLG2P2,SARC,0
SUCLG2P2,SKCM,0
SUCLG2P2,STAD,0
SUCLG2P2,TGCT,0
SUCLG2P2,THCA,0
SUCLG2P2,THYM,0
SUCLG2P2,UCEC,0
SUCLG2P2,UCS,0
SUCLG2P2,UVM,0
LIPF,ACC,0
LIPF,BLCA,0.01459854
LIPF,BRCA,0.003792668
LIPF,CESC,0.003460208
LIPF,CHOL,0
LIPF,COAD,0.003448276
LIPF,DLBC,0
LIPF,ESCA,0.005434783
LIPF,GBM,0.006369427
LIPF,HNSC,0.001972387
LIPF,KICH,0
LIPF,KIRC,0.005434783
LIPF,KIRP,0
LIPF,LAML,0
LIPF,LGG,0
LIPF,LIHC,0.005509642
LIPF,LUAD,0.01754386
LIPF,LUSC,0.008333333
LIPF,MESO,0
LIPF,OV,0
LIPF,PAAD,0.005649718
LIPF,PCPG,0
LIPF,PRAD,0
LIPF,READ,0.011111111
LIPF,SARC,0.004237288
LIPF,SKCM,0.034334764
LIPF,STAD,0.020501139
LIPF,TGCT,0
LIPF,THCA,0
LIPF,THYM,0
LIPF,UCEC,0.046979866
LIPF,UCS,0
LIPF,UVM,0
AADAT,ACC,0
AADAT,BLCA,0.00973236
AADAT,BRCA,0.002528445
AADAT,CESC,0.003460208
AADAT,CHOL,0
AADAT,COAD,0
AADAT,DLBC,0
AADAT,ESCA,0.005434783
AADAT,GBM,0
AADAT,HNSC,0.00591716
AADAT,KICH,0
AADAT,KIRC,0
AADAT,KIRP,0
AADAT,LAML,0
AADAT,LGG,0.001956947
AADAT,LIHC,0
AADAT,LUAD,0.003898635
AADAT,LUSC,0.00625
AADAT,MESO,0
AADAT,OV,0
AADAT,PAAD,0
AADAT,PCPG,0
AADAT,PRAD,0.004040404
AADAT,READ,0.011111111
AADAT,SARC,0
AADAT,SKCM,0.02360515
AADAT,STAD,0.018223235
AADAT,TGCT,0
AADAT,THCA,0
AADAT,THYM,0
AADAT,UCEC,0.029082774
AADAT,UCS,0
AADAT,UVM,0
ATP6V0D2,ACC,0.010869565
ATP6V0D2,BLCA,0.00729927
ATP6V0D2,BRCA,0.001264223
ATP6V0D2,CESC,0.01384083
ATP6V0D2,CHOL,0
ATP6V0D2,COAD,0.024137931
ATP6V0D2,DLBC,0
ATP6V0D2,ESCA,0.005434783
ATP6V0D2,GBM,0.003184713
ATP6V0D2,HNSC,0.00591716
ATP6V0D2,KICH,0
ATP6V0D2,KIRC,0
ATP6V0D2,KIRP,0
ATP6V0D2,LAML,0
ATP6V0D2,LGG,0.001956947
ATP6V0D2,LIHC,0.005509642
ATP6V0D2,LUAD,0.013645224
ATP6V0D2,LUSC,0.01875
ATP6V0D2,MESO,0
ATP6V0D2,OV,0
ATP6V0D2,PAAD,0
ATP6V0D2,PCPG,0
ATP6V0D2,PRAD,0.002020202
ATP6V0D2,READ,0.011111111
ATP6V0D2,SARC,0
ATP6V0D2,SKCM,0.036480687
ATP6V0D2,STAD,0.011389522
ATP6V0D2,TGCT,0
ATP6V0D2,THCA,0
ATP6V0D2,THYM,0
ATP6V0D2,UCEC,0.040268456
ATP6V0D2,UCS,0.035087719
ATP6V0D2,UVM,0
ATP4A,ACC,0
ATP4A,BLCA,0.00973236
ATP4A,BRCA,0.00505689
ATP4A,CESC,0
ATP4A,CHOL,0
ATP4A,COAD,0.037931034
ATP4A,DLBC,0
ATP4A,ESCA,0.010869565
ATP4A,GBM,0.012738854
ATP4A,HNSC,0.009861933
ATP4A,KICH,0
ATP4A,KIRC,0.010869565
ATP4A,KIRP,0.003558719
ATP4A,LAML,0
ATP4A,LGG,0.007827789
ATP4A,LIHC,0.016528926
ATP4A,LUAD,0.027290448
ATP4A,LUSC,0.035416667
ATP4A,MESO,0
ATP4A,OV,0
ATP4A,PAAD,0.011299435
ATP4A,PCPG,0
ATP4A,PRAD,0.002020202
ATP4A,READ,0.033333333
ATP4A,SARC,0.004237288
ATP4A,SKCM,0.040772532
ATP4A,STAD,0.0523918
ATP4A,TGCT,0.013793103
ATP4A,THCA,0.00203252
ATP4A,THYM,0
ATP4A,UCEC,0.07606264
ATP4A,UCS,0.035087719
ATP4A,UVM,0
ATP12A,ACC,0
ATP12A,BLCA,0.04136253
ATP12A,BRCA,0.00505689
ATP12A,CESC,0.003460208
ATP12A,CHOL,0
ATP12A,COAD,0.044827586
ATP12A,DLBC,0
ATP12A,ESCA,0.005434783
ATP12A,GBM,0.006369427
ATP12A,HNSC,0.017751479
ATP12A,KICH,0.015151515
ATP12A,KIRC,0.008152174
ATP12A,KIRP,0.007117438
ATP12A,LAML,0
ATP12A,LGG,0.009784736
ATP12A,LIHC,0.019283747
ATP12A,LUAD,0.031189084
ATP12A,LUSC,0.025
ATP12A,MESO,0
ATP12A,OV,0.015384615
ATP12A,PAAD,0.028248588
ATP12A,PCPG,0.005586592
ATP12A,PRAD,0.006060606
ATP12A,READ,0.033333333
ATP12A,SARC,0.004237288
ATP12A,SKCM,0.055793991
ATP12A,STAD,0.031890661
ATP12A,TGCT,0
ATP12A,THCA,0.00203252
ATP12A,THYM,0
ATP12A,UCEC,0.073825503
ATP12A,UCS,0.01754386
ATP12A,UVM,0
AGXT,ACC,0
AGXT,BLCA,0.00243309
AGXT,BRCA,0.001264223
AGXT,CESC,0.01384083
AGXT,CHOL,0
AGXT,COAD,0.006896552
AGXT,DLBC,0
AGXT,ESCA,0.010869565
AGXT,GBM,0
AGXT,HNSC,0.003944773
AGXT,KICH,0
AGXT,KIRC,0.002717391
AGXT,KIRP,0.003558719
AGXT,LAML,0
AGXT,LGG,0.001956947
AGXT,LIHC,0.005509642
AGXT,LUAD,0.013645224
AGXT,LUSC,0.00625
AGXT,MESO,0
AGXT,OV,0
AGXT,PAAD,0.005649718
AGXT,PCPG,0
AGXT,PRAD,0.002020202
AGXT,READ,0
AGXT,SARC,0.004237288
AGXT,SKCM,0.02360515
AGXT,STAD,0.006833713
AGXT,TGCT,0
AGXT,THCA,0
AGXT,THYM,0
AGXT,UCEC,0.031319911
AGXT,UCS,0.01754386
AGXT,UVM,0
CKMT1B,ACC,0
CKMT1B,BLCA,0.00729927
CKMT1B,BRCA,0.002528445
CKMT1B,CESC,0
CKMT1B,CHOL,0
CKMT1B,COAD,0.006896552
CKMT1B,DLBC,0
CKMT1B,ESCA,0
CKMT1B,GBM,0.006369427
CKMT1B,HNSC,0.003944773
CKMT1B,KICH,0
CKMT1B,KIRC,0
CKMT1B,KIRP,0
CKMT1B,LAML,0
CKMT1B,LGG,0.001956947
CKMT1B,LIHC,0.002754821
CKMT1B,LUAD,0
CKMT1B,LUSC,0
CKMT1B,MESO,0
CKMT1B,OV,0
CKMT1B,PAAD,0.005649718
CKMT1B,PCPG,0
CKMT1B,PRAD,0.002020202
CKMT1B,READ,0
CKMT1B,SARC,0
CKMT1B,SKCM,0.006437768
CKMT1B,STAD,0.002277904
CKMT1B,TGCT,0
CKMT1B,THCA,0
CKMT1B,THYM,0
CKMT1B,UCEC,0.015659955
CKMT1B,UCS,0
CKMT1B,UVM,0
MAOB,ACC,0
MAOB,BLCA,0.00486618
MAOB,BRCA,0.003792668
MAOB,CESC,0.01384083
MAOB,CHOL,0.027777778
MAOB,COAD,0.003448276
MAOB,DLBC,0.054054054
MAOB,ESCA,0.016304348
MAOB,GBM,0.012738854
MAOB,HNSC,0.001972387
MAOB,KICH,0
MAOB,KIRC,0.002717391
MAOB,KIRP,0.007117438
MAOB,LAML,0
MAOB,LGG,0
MAOB,LIHC,0.016528926
MAOB,LUAD,0.005847953
MAOB,LUSC,0.010416667
MAOB,MESO,0
MAOB,OV,0
MAOB,PAAD,0
MAOB,PCPG,0
MAOB,PRAD,0.004040404
MAOB,READ,0.022222222
MAOB,SARC,0.004237288
MAOB,SKCM,0.030042918
MAOB,STAD,0.004555809
MAOB,TGCT,0
MAOB,THCA,0
MAOB,THYM,0
MAOB,UCEC,0.060402685
MAOB,UCS,0
MAOB,UVM,0.025
MGST1,ACC,0.010869565
MGST1,BLCA,0.00243309
MGST1,BRCA,0
MGST1,CESC,0
MGST1,CHOL,0
MGST1,COAD,0.003448276
MGST1,DLBC,0
MGST1,ESCA,0
MGST1,GBM,0.003184713
MGST1,HNSC,0.001972387
MGST1,KICH,0
MGST1,KIRC,0
MGST1,KIRP,0
MGST1,LAML,0
MGST1,LGG,0
MGST1,LIHC,0
MGST1,LUAD,0.001949318
MGST1,LUSC,0.008333333
MGST1,MESO,0
MGST1,OV,0
MGST1,PAAD,0
MGST1,PCPG,0.005586592
MGST1,PRAD,0.002020202
MGST1,READ,0.011111111
MGST1,SARC,0
MGST1,SKCM,0.012875536
MGST1,STAD,0.006833713
MGST1,TGCT,0
MGST1,THCA,0
MGST1,THYM,0
MGST1,UCEC,0.022371365
MGST1,UCS,0
MGST1,UVM,0
UCP1,ACC,0
UCP1,BLCA,0.00973236
UCP1,BRCA,0.001264223
UCP1,CESC,0.003460208
UCP1,CHOL,0
UCP1,COAD,0.017241379
UCP1,DLBC,0
UCP1,ESCA,0
UCP1,GBM,0.003184713
UCP1,HNSC,0.001972387
UCP1,KICH,0
UCP1,KIRC,0.002717391
UCP1,KIRP,0
UCP1,LAML,0
UCP1,LGG,0
UCP1,LIHC,0.008264463
UCP1,LUAD,0.003898635
UCP1,LUSC,0.010416667
UCP1,MESO,0
UCP1,OV,0
UCP1,PAAD,0
UCP1,PCPG,0
UCP1,PRAD,0.002020202
UCP1,READ,0
UCP1,SARC,0
UCP1,SKCM,0.012875536
UCP1,STAD,0.006833713
UCP1,TGCT,0.006896552
UCP1,THCA,0
UCP1,THYM,0
UCP1,UCEC,0.013422819
UCP1,UCS,0
UCP1,UVM,0
NDUFA4L2,ACC,0
NDUFA4L2,BLCA,0
NDUFA4L2,BRCA,0.001264223
NDUFA4L2,CESC,0
NDUFA4L2,CHOL,0
NDUFA4L2,COAD,0.006896552
NDUFA4L2,DLBC,0
NDUFA4L2,ESCA,0
NDUFA4L2,GBM,0.003184713
NDUFA4L2,HNSC,0
NDUFA4L2,KICH,0
NDUFA4L2,KIRC,0
NDUFA4L2,KIRP,0
NDUFA4L2,LAML,0
NDUFA4L2,LGG,0
NDUFA4L2,LIHC,0
NDUFA4L2,LUAD,0
NDUFA4L2,LUSC,0.002083333
NDUFA4L2,MESO,0
NDUFA4L2,OV,0
NDUFA4L2,PAAD,0
NDUFA4L2,PCPG,0
NDUFA4L2,PRAD,0
NDUFA4L2,READ,0
NDUFA4L2,SARC,0
NDUFA4L2,SKCM,0
NDUFA4L2,STAD,0
NDUFA4L2,TGCT,0
NDUFA4L2,THCA,0
NDUFA4L2,THYM,0
NDUFA4L2,UCEC,0.011185682
NDUFA4L2,UCS,0
NDUFA4L2,UVM,0
ATP6V1B1,ACC,0
ATP6V1B1,BLCA,0.01946472
ATP6V1B1,BRCA,0.003792668
ATP6V1B1,CESC,0.006920415
ATP6V1B1,CHOL,0
ATP6V1B1,COAD,0.031034483
ATP6V1B1,DLBC,0
ATP6V1B1,ESCA,0.005434783
ATP6V1B1,GBM,0
ATP6V1B1,HNSC,0.007889546
ATP6V1B1,KICH,0.015151515
ATP6V1B1,KIRC,0.005434783
ATP6V1B1,KIRP,0.003558719
ATP6V1B1,LAML,0
ATP6V1B1,LGG,0.001956947
ATP6V1B1,LIHC,0.002754821
ATP6V1B1,LUAD,0.005847953
ATP6V1B1,LUSC,0.020833333
ATP6V1B1,MESO,0
ATP6V1B1,OV,0
ATP6V1B1,PAAD,0
ATP6V1B1,PCPG,0
ATP6V1B1,PRAD,0.004040404
ATP6V1B1,READ,0.033333333
ATP6V1B1,SARC,0.004237288
ATP6V1B1,SKCM,0.006437768
ATP6V1B1,STAD,0.029612756
ATP6V1B1,TGCT,0
ATP6V1B1,THCA,0
ATP6V1B1,THYM,0
ATP6V1B1,UCEC,0.073825503
ATP6V1B1,UCS,0
ATP6V1B1,UVM,0
ATP6V0A4,ACC,0.010869565
ATP6V0A4,BLCA,0.01946472
ATP6V0A4,BRCA,0.001264223
ATP6V0A4,CESC,0.010380623
ATP6V0A4,CHOL,0
ATP6V0A4,COAD,0.051724138
ATP6V0A4,DLBC,0.027027027
ATP6V0A4,ESCA,0.005434783
ATP6V0A4,GBM,0.01910828
ATP6V0A4,HNSC,0.01183432
ATP6V0A4,KICH,0.015151515
ATP6V0A4,KIRC,0.002717391
ATP6V0A4,KIRP,0
ATP6V0A4,LAML,0
ATP6V0A4,LGG,0
ATP6V0A4,LIHC,0.008264463
ATP6V0A4,LUAD,0.013645224
ATP6V0A4,LUSC,0.020833333
ATP6V0A4,MESO,0
ATP6V0A4,OV,0.015384615
ATP6V0A4,PAAD,0.011299435
ATP6V0A4,PCPG,0
ATP6V0A4,PRAD,0
ATP6V0A4,READ,0.044444444
ATP6V0A4,SARC,0.008474576
ATP6V0A4,SKCM,0.064377682
ATP6V0A4,STAD,0.031890661
ATP6V0A4,TGCT,0
ATP6V0A4,THCA,0
ATP6V0A4,THYM,0
ATP6V0A4,UCEC,0.062639821
ATP6V0A4,UCS,0.01754386
ATP6V0A4,UVM,0
COX6A2,ACC,0
COX6A2,BLCA,0.00243309
COX6A2,BRCA,0.001264223
COX6A2,CESC,0
COX6A2,CHOL,0
COX6A2,COAD,0.013793103
COX6A2,DLBC,0
COX6A2,ESCA,0
COX6A2,GBM,0
COX6A2,HNSC,0
COX6A2,KICH,0
COX6A2,KIRC,0
COX6A2,KIRP,0
COX6A2,LAML,0
COX6A2,LGG,0
COX6A2,LIHC,0
COX6A2,LUAD,0
COX6A2,LUSC,0
COX6A2,MESO,0
COX6A2,OV,0
COX6A2,PAAD,0
COX6A2,PCPG,0
COX6A2,PRAD,0
COX6A2,READ,0
COX6A2,SARC,0.004237288
COX6A2,SKCM,0.002145923
COX6A2,STAD,0
COX6A2,TGCT,0
COX6A2,THCA,0
COX6A2,THYM,0
COX6A2,UCEC,0.008948546
COX6A2,UCS,0
COX6A2,UVM,0
